name,total,Year,Month
Prospect Park West,38229,2016,11
Prospect Park West,35931,2016,12
Prospect Park West,32096,2017,01
Prospect Park West,36405,2017,02
Prospect Park West,35284,2017,03
Prospect Park West,63342,2017,04
Prospect Park West,68610,2017,05
Prospect Park West,83481,2017,06
Prospect Park West,85597,2017,07
Prospect Park West,81212,2017,08
Prospect Park West,82358,2017,09
Prospect Park West,77106,2017,10
Prospect Park West,55559,2017,11
Prospect Park West,39132,2017,12
Prospect Park West,32869,2018,01
Prospect Park West,36554,2018,02
Prospect Park West,42961,2018,03
Prospect Park West,58528,2018,04
Prospect Park West,74634,2018,05
Prospect Park West,83906,2018,06
Prospect Park West,84156,2018,07
Prospect Park West,77443,2018,08
Prospect Park West,75382,2018,09
Prospect Park West,71327,2018,10
Prospect Park West,51454,2018,11
Prospect Park West,43162,2018,12
Prospect Park West,41946,2019,01
Prospect Park West,38668,2019,02
Prospect Park West,50685,2019,03
Prospect Park West,67104,2019,04
Prospect Park West,77564,2019,05
Prospect Park West,91119,2019,06
Prospect Park West,83507,2019,07
Prospect Park West,84868,2019,08
Prospect Park West,88982,2019,09
Prospect Park West,72358,2019,10
Prospect Park West,58127,2019,11
Prospect Park West,41080,2019,12
Prospect Park West,51138,2020,01
Prospect Park West,46079,2020,02
Prospect Park West,56389,2020,03
Prospect Park West,48059,2020,04
Prospect Park West,93761,2020,05
Prospect Park West,111312,2020,06
Prospect Park West,104477,2020,07
Prospect Park West,114310,2020,08
Prospect Park West,121093,2020,09
Prospect Park West,110444,2020,10
Prospect Park West,88695,2020,11
Prospect Park West,56837,2020,12
Prospect Park West,61088,2021,01
Prospect Park West,37847,2021,02
Prospect Park West,75694,2021,03
Prospect Park West,90244,2021,04
Prospect Park West,108263,2021,05
Prospect Park West,112192,2021,06
Prospect Park West,104415,2021,07
Prospect Park West,103440,2021,08
Prospect Park West,111450,2021,09
Prospect Park West,110239,2021,10
Prospect Park West,85041,2021,11
Prospect Park West,73916,2021,12
Prospect Park West,52581,2022,01
Prospect Park West,56286,2022,02
Prospect Park West,79749,2022,03
Prospect Park West,89828,2022,04
Prospect Park West,88466,2022,05
Prospect Park West,101058,2022,06
Prospect Park West,95983,2022,07
Prospect Park West,94452,2022,08
Prospect Park West,91282,2022,09
Prospect Park West,81115,2022,10
Prospect Park West,68581,2022,11
Prospect Park West,48843,2022,12
Prospect Park West,56138,2023,01
Prospect Park West,49918,2023,02
Prospect Park West,62309,2023,03
Prospect Park West,73467,2023,04
Prospect Park West,90615,2023,05
Prospect Park West,85981,2023,06
Prospect Park West,78906,2023,07
Prospect Park West,87551,2023,08
Prospect Park West,76162,2023,09
Prospect Park West,12420,2023,10
Prospect Park West,0,2023,11
Prospect Park West,0,2023,12
Prospect Park West,0,2024,01
Prospect Park West,0,2024,02
Prospect Park West,0,2024,03
Prospect Park West,0,2024,04
Prospect Park West,26955,2024,05
Prospect Park West,94934,2024,06
Prospect Park West,88973,2024,07
Prospect Park West,86078,2024,08
Prospect Park West,89703,2024,09
Manhattan Bridge Ped Path,1341,2013,12
Manhattan Bridge Ped Path,1219,2014,01
Manhattan Bridge Ped Path,1095,2014,02
Manhattan Bridge Ped Path,1992,2014,03
Manhattan Bridge Ped Path,3539,2014,04
Manhattan Bridge Ped Path,4570,2014,05
Manhattan Bridge Ped Path,4846,2014,06
Manhattan Bridge Ped Path,5362,2014,07
Manhattan Bridge Ped Path,4827,2014,08
Manhattan Bridge Ped Path,3604,2014,09
Manhattan Bridge Ped Path,3005,2014,10
Manhattan Bridge Ped Path,1922,2014,11
Manhattan Bridge Ped Path,1708,2014,12
Manhattan Bridge Ped Path,1270,2015,01
Manhattan Bridge Ped Path,871,2015,02
Manhattan Bridge Ped Path,1739,2015,03
Manhattan Bridge Ped Path,3687,2015,04
Manhattan Bridge Ped Path,5394,2015,05
Manhattan Bridge Ped Path,5006,2015,06
Manhattan Bridge Ped Path,6284,2015,07
Manhattan Bridge Ped Path,6841,2015,08
Manhattan Bridge Ped Path,6031,2015,09
Manhattan Bridge Ped Path,4669,2015,10
Manhattan Bridge Ped Path,3574,2015,11
Manhattan Bridge Ped Path,2936,2015,12
Manhattan Bridge Ped Path,1994,2016,01
Manhattan Bridge Ped Path,1959,2016,02
Manhattan Bridge Ped Path,3579,2016,03
Manhattan Bridge Ped Path,4566,2016,04
Manhattan Bridge Ped Path,5313,2016,05
Manhattan Bridge Ped Path,6116,2016,06
Manhattan Bridge Ped Path,6279,2016,07
Manhattan Bridge Ped Path,6701,2016,08
Manhattan Bridge Ped Path,6343,2016,09
Manhattan Bridge Ped Path,5024,2016,10
Manhattan Bridge Ped Path,4042,2016,11
Manhattan Bridge Ped Path,2990,2016,12
Manhattan Bridge Ped Path,2647,2017,01
Manhattan Bridge Ped Path,3150,2017,02
Manhattan Bridge Ped Path,2738,2017,03
Manhattan Bridge Ped Path,5386,2017,04
Manhattan Bridge Ped Path,6063,2017,05
Manhattan Bridge Ped Path,6718,2017,06
Manhattan Bridge Ped Path,7476,2017,07
Manhattan Bridge Ped Path,7990,2017,08
Manhattan Bridge Ped Path,7432,2017,09
Manhattan Bridge Ped Path,7517,2017,10
Manhattan Bridge Ped Path,4432,2017,11
Manhattan Bridge Ped Path,2904,2017,12
Manhattan Bridge Ped Path,2469,2018,01
Manhattan Bridge Ped Path,3146,2018,02
Manhattan Bridge Ped Path,3466,2018,03
Manhattan Bridge Ped Path,4641,2018,04
Manhattan Bridge Ped Path,6673,2018,05
Manhattan Bridge Ped Path,7921,2018,06
Manhattan Bridge Ped Path,7018,2018,07
Manhattan Bridge Ped Path,6401,2018,08
Manhattan Bridge Ped Path,6009,2018,09
Manhattan Bridge Ped Path,5497,2018,10
Manhattan Bridge Ped Path,3628,2018,11
Manhattan Bridge Ped Path,2996,2018,12
Manhattan Bridge Ped Path,2404,2019,01
Manhattan Bridge Ped Path,2561,2019,02
Manhattan Bridge Ped Path,3541,2019,03
Manhattan Bridge Ped Path,5190,2019,04
Manhattan Bridge Ped Path,5910,2019,05
Manhattan Bridge Ped Path,6485,2019,06
Manhattan Bridge Ped Path,6960,2019,07
Manhattan Bridge Ped Path,7052,2019,08
Manhattan Bridge Ped Path,6912,2019,09
Manhattan Bridge Ped Path,5165,2019,10
Manhattan Bridge Ped Path,3380,2019,11
Manhattan Bridge Ped Path,2386,2019,12
Manhattan Bridge Ped Path,2896,2020,01
Manhattan Bridge Ped Path,2638,2020,02
Manhattan Bridge Ped Path,3793,2020,03
Manhattan Bridge Ped Path,3801,2020,04
Manhattan Bridge Ped Path,7886,2020,05
Manhattan Bridge Ped Path,10528,2020,06
Manhattan Bridge Ped Path,9466,2020,07
Manhattan Bridge Ped Path,9630,2020,08
Manhattan Bridge Ped Path,9383,2020,09
Manhattan Bridge Ped Path,7671,2020,10
Manhattan Bridge Ped Path,5659,2020,11
Manhattan Bridge Ped Path,3517,2020,12
Manhattan Bridge Ped Path,3414,2021,01
Manhattan Bridge Ped Path,2112,2021,02
Manhattan Bridge Ped Path,4768,2021,03
Manhattan Bridge Ped Path,5396,2021,04
Manhattan Bridge Ped Path,6281,2021,05
Manhattan Bridge Ped Path,7099,2021,06
Manhattan Bridge Ped Path,7189,2021,07
Manhattan Bridge Ped Path,7189,2021,08
Manhattan Bridge Ped Path,7506,2021,09
Manhattan Bridge Ped Path,6265,2021,10
Manhattan Bridge Ped Path,4407,2021,11
Manhattan Bridge Ped Path,3563,2021,12
Manhattan Bridge Ped Path,2253,2022,01
Manhattan Bridge Ped Path,2504,2022,02
Manhattan Bridge Ped Path,3762,2022,03
Manhattan Bridge Ped Path,4528,2022,04
Manhattan Bridge Ped Path,7965,2022,05
Manhattan Bridge Ped Path,6341,2022,06
Manhattan Bridge Ped Path,6583,2022,07
Manhattan Bridge Ped Path,7187,2022,08
Manhattan Bridge Ped Path,6144,2022,09
Manhattan Bridge Ped Path,5086,2022,10
Manhattan Bridge Ped Path,4295,2022,11
Manhattan Bridge Ped Path,3072,2022,12
Manhattan Bridge Ped Path,3191,2023,01
Manhattan Bridge Ped Path,3236,2023,02
Manhattan Bridge Ped Path,3842,2023,03
Manhattan Bridge Ped Path,4439,2023,04
Manhattan Bridge Ped Path,5420,2023,05
Manhattan Bridge Ped Path,5307,2023,06
Manhattan Bridge Ped Path,5369,2023,07
Manhattan Bridge Ped Path,6169,2023,08
Manhattan Bridge Ped Path,5450,2023,09
Manhattan Bridge Ped Path,5416,2023,10
Manhattan Bridge Ped Path,3731,2023,11
Manhattan Bridge Ped Path,2973,2023,12
Manhattan Bridge Ped Path,2286,2024,01
Manhattan Bridge Ped Path,2569,2024,02
Manhattan Bridge Ped Path,3176,2024,03
Manhattan Bridge Ped Path,3741,2024,04
Manhattan Bridge Ped Path,4730,2024,05
Manhattan Bridge Ped Path,5626,2024,06
Manhattan Bridge Ped Path,5579,2024,07
Manhattan Bridge Ped Path,5229,2024,08
Manhattan Bridge Ped Path,5513,2024,09
Williamsburg Bridge Bike Path,54546,2013,12
Williamsburg Bridge Bike Path,41647,2014,01
Williamsburg Bridge Bike Path,34253,2014,02
Williamsburg Bridge Bike Path,74076,2014,03
Williamsburg Bridge Bike Path,134146,2014,04
Williamsburg Bridge Bike Path,181352,2014,05
Williamsburg Bridge Bike Path,201089,2014,06
Williamsburg Bridge Bike Path,204960,2014,07
Williamsburg Bridge Bike Path,209183,2014,08
Williamsburg Bridge Bike Path,197342,2014,09
Williamsburg Bridge Bike Path,164549,2014,10
Williamsburg Bridge Bike Path,96025,2014,11
Williamsburg Bridge Bike Path,64492,2014,12
Williamsburg Bridge Bike Path,42091,2015,01
Williamsburg Bridge Bike Path,25482,2015,02
Williamsburg Bridge Bike Path,63086,2015,03
Williamsburg Bridge Bike Path,150929,2015,04
Williamsburg Bridge Bike Path,219509,2015,05
Williamsburg Bridge Bike Path,186404,2015,06
Williamsburg Bridge Bike Path,203333,2015,07
Williamsburg Bridge Bike Path,215840,2015,08
Williamsburg Bridge Bike Path,206027,2015,09
Williamsburg Bridge Bike Path,168557,2015,10
Williamsburg Bridge Bike Path,131531,2015,11
Williamsburg Bridge Bike Path,97095,2015,12
Williamsburg Bridge Bike Path,61046,2016,01
Williamsburg Bridge Bike Path,64717,2016,02
Williamsburg Bridge Bike Path,127793,2016,03
Williamsburg Bridge Bike Path,145912,2016,04
Williamsburg Bridge Bike Path,173709,2016,05
Williamsburg Bridge Bike Path,218557,2016,06
Williamsburg Bridge Bike Path,195143,2016,07
Williamsburg Bridge Bike Path,211399,2016,08
Williamsburg Bridge Bike Path,197978,2016,09
Williamsburg Bridge Bike Path,176039,2016,10
Williamsburg Bridge Bike Path,127720,2016,11
Williamsburg Bridge Bike Path,76871,2016,12
Williamsburg Bridge Bike Path,69338,2017,01
Williamsburg Bridge Bike Path,83679,2017,02
Williamsburg Bridge Bike Path,73664,2017,03
Williamsburg Bridge Bike Path,148277,2017,04
Williamsburg Bridge Bike Path,177031,2017,05
Williamsburg Bridge Bike Path,198646,2017,06
Williamsburg Bridge Bike Path,188347,2017,07
Williamsburg Bridge Bike Path,198648,2017,08
Williamsburg Bridge Bike Path,198477,2017,09
Williamsburg Bridge Bike Path,185893,2017,10
Williamsburg Bridge Bike Path,122016,2017,11
Williamsburg Bridge Bike Path,73665,2017,12
Williamsburg Bridge Bike Path,56571,2018,01
Williamsburg Bridge Bike Path,72043,2018,02
Williamsburg Bridge Bike Path,80271,2018,03
Williamsburg Bridge Bike Path,117551,2018,04
Williamsburg Bridge Bike Path,179977,2018,05
Williamsburg Bridge Bike Path,192264,2018,06
Williamsburg Bridge Bike Path,181010,2018,07
Williamsburg Bridge Bike Path,183374,2018,08
Williamsburg Bridge Bike Path,162017,2018,09
Williamsburg Bridge Bike Path,170642,2018,10
Williamsburg Bridge Bike Path,99802,2018,11
Williamsburg Bridge Bike Path,73795,2018,12
Williamsburg Bridge Bike Path,68091,2019,01
Williamsburg Bridge Bike Path,71377,2019,02
Williamsburg Bridge Bike Path,99875,2019,03
Williamsburg Bridge Bike Path,146695,2019,04
Williamsburg Bridge Bike Path,171018,2019,05
Williamsburg Bridge Bike Path,186034,2019,06
Williamsburg Bridge Bike Path,184626,2019,07
Williamsburg Bridge Bike Path,198950,2019,08
Williamsburg Bridge Bike Path,207990,2019,09
Williamsburg Bridge Bike Path,163821,2019,10
Williamsburg Bridge Bike Path,113888,2019,11
Williamsburg Bridge Bike Path,66814,2019,12
Williamsburg Bridge Bike Path,93733,2020,01
Williamsburg Bridge Bike Path,84621,2020,02
Williamsburg Bridge Bike Path,115980,2020,03
Williamsburg Bridge Bike Path,92369,2020,04
Williamsburg Bridge Bike Path,186798,2020,05
Williamsburg Bridge Bike Path,244399,2020,06
Williamsburg Bridge Bike Path,246956,2020,07
Williamsburg Bridge Bike Path,257748,2020,08
Williamsburg Bridge Bike Path,266900,2020,09
Williamsburg Bridge Bike Path,229568,2020,10
Williamsburg Bridge Bike Path,174463,2020,11
Williamsburg Bridge Bike Path,100908,2020,12
Williamsburg Bridge Bike Path,100101,2021,01
Williamsburg Bridge Bike Path,54004,2021,02
Williamsburg Bridge Bike Path,136101,2021,03
Williamsburg Bridge Bike Path,171009,2021,04
Williamsburg Bridge Bike Path,216533,2021,05
Williamsburg Bridge Bike Path,236796,2021,06
Williamsburg Bridge Bike Path,219022,2021,07
Williamsburg Bridge Bike Path,219534,2021,08
Williamsburg Bridge Bike Path,232467,2021,09
Williamsburg Bridge Bike Path,205479,2021,10
Williamsburg Bridge Bike Path,147779,2021,11
Williamsburg Bridge Bike Path,116371,2021,12
Williamsburg Bridge Bike Path,69288,2022,01
Williamsburg Bridge Bike Path,85356,2022,02
Williamsburg Bridge Bike Path,131706,2022,03
Williamsburg Bridge Bike Path,164382,2022,04
Williamsburg Bridge Bike Path,197360,2022,05
Williamsburg Bridge Bike Path,223643,2022,06
Williamsburg Bridge Bike Path,221392,2022,07
Williamsburg Bridge Bike Path,231128,2022,08
Williamsburg Bridge Bike Path,218607,2022,09
Williamsburg Bridge Bike Path,180939,2022,10
Williamsburg Bridge Bike Path,148021,2022,11
Williamsburg Bridge Bike Path,93392,2022,12
Williamsburg Bridge Bike Path,111412,2023,01
Williamsburg Bridge Bike Path,105531,2023,02
Williamsburg Bridge Bike Path,132321,2023,03
Williamsburg Bridge Bike Path,173602,2023,04
Williamsburg Bridge Bike Path,218517,2023,05
Williamsburg Bridge Bike Path,206056,2023,06
Williamsburg Bridge Bike Path,212168,2023,07
Williamsburg Bridge Bike Path,222475,2023,08
Williamsburg Bridge Bike Path,196851,2023,09
Williamsburg Bridge Bike Path,219286,2023,10
Williamsburg Bridge Bike Path,155490,2023,11
Williamsburg Bridge Bike Path,116802,2023,12
Williamsburg Bridge Bike Path,89517,2024,01
Williamsburg Bridge Bike Path,109960,2024,02
Williamsburg Bridge Bike Path,144358,2024,03
Williamsburg Bridge Bike Path,178060,2024,04
Williamsburg Bridge Bike Path,229440,2024,05
Williamsburg Bridge Bike Path,277966,2024,06
Williamsburg Bridge Bike Path,264931,2024,07
Williamsburg Bridge Bike Path,253789,2024,08
Williamsburg Bridge Bike Path,271586,2024,09
Ed Koch Queensboro Bridge Shared Path,30884,2013,12
Ed Koch Queensboro Bridge Shared Path,27016,2014,01
Ed Koch Queensboro Bridge Shared Path,22094,2014,02
Ed Koch Queensboro Bridge Shared Path,49178,2014,03
Ed Koch Queensboro Bridge Shared Path,89187,2014,04
Ed Koch Queensboro Bridge Shared Path,117834,2014,05
Ed Koch Queensboro Bridge Shared Path,133492,2014,06
Ed Koch Queensboro Bridge Shared Path,141591,2014,07
Ed Koch Queensboro Bridge Shared Path,148471,2014,08
Ed Koch Queensboro Bridge Shared Path,139023,2014,09
Ed Koch Queensboro Bridge Shared Path,113083,2014,10
Ed Koch Queensboro Bridge Shared Path,70239,2014,11
Ed Koch Queensboro Bridge Shared Path,51391,2014,12
Ed Koch Queensboro Bridge Shared Path,33903,2015,01
Ed Koch Queensboro Bridge Shared Path,21328,2015,02
Ed Koch Queensboro Bridge Shared Path,49695,2015,03
Ed Koch Queensboro Bridge Shared Path,104785,2015,04
Ed Koch Queensboro Bridge Shared Path,147126,2015,05
Ed Koch Queensboro Bridge Shared Path,132573,2015,06
Ed Koch Queensboro Bridge Shared Path,148539,2015,07
Ed Koch Queensboro Bridge Shared Path,158505,2015,08
Ed Koch Queensboro Bridge Shared Path,149067,2015,09
Ed Koch Queensboro Bridge Shared Path,120155,2015,10
Ed Koch Queensboro Bridge Shared Path,96664,2015,11
Ed Koch Queensboro Bridge Shared Path,75356,2015,12
Ed Koch Queensboro Bridge Shared Path,48598,2016,01
Ed Koch Queensboro Bridge Shared Path,53068,2016,02
Ed Koch Queensboro Bridge Shared Path,95256,2016,03
Ed Koch Queensboro Bridge Shared Path,100586,2016,04
Ed Koch Queensboro Bridge Shared Path,118540,2016,05
Ed Koch Queensboro Bridge Shared Path,144234,2016,06
Ed Koch Queensboro Bridge Shared Path,144999,2016,07
Ed Koch Queensboro Bridge Shared Path,156935,2016,08
Ed Koch Queensboro Bridge Shared Path,140638,2016,09
Ed Koch Queensboro Bridge Shared Path,114544,2016,10
Ed Koch Queensboro Bridge Shared Path,93474,2016,11
Ed Koch Queensboro Bridge Shared Path,63452,2016,12
Ed Koch Queensboro Bridge Shared Path,55681,2017,01
Ed Koch Queensboro Bridge Shared Path,61412,2017,02
Ed Koch Queensboro Bridge Shared Path,53999,2017,03
Ed Koch Queensboro Bridge Shared Path,104491,2017,04
Ed Koch Queensboro Bridge Shared Path,126323,2017,05
Ed Koch Queensboro Bridge Shared Path,142121,2017,06
Ed Koch Queensboro Bridge Shared Path,141068,2017,07
Ed Koch Queensboro Bridge Shared Path,160288,2017,08
Ed Koch Queensboro Bridge Shared Path,151654,2017,09
Ed Koch Queensboro Bridge Shared Path,148010,2017,10
Ed Koch Queensboro Bridge Shared Path,100337,2017,11
Ed Koch Queensboro Bridge Shared Path,71795,2017,12
Ed Koch Queensboro Bridge Shared Path,49466,2018,01
Ed Koch Queensboro Bridge Shared Path,58302,2018,02
Ed Koch Queensboro Bridge Shared Path,64374,2018,03
Ed Koch Queensboro Bridge Shared Path,89983,2018,04
Ed Koch Queensboro Bridge Shared Path,135011,2018,05
Ed Koch Queensboro Bridge Shared Path,144048,2018,06
Ed Koch Queensboro Bridge Shared Path,140086,2018,07
Ed Koch Queensboro Bridge Shared Path,140330,2018,08
Ed Koch Queensboro Bridge Shared Path,120748,2018,09
Ed Koch Queensboro Bridge Shared Path,122140,2018,10
Ed Koch Queensboro Bridge Shared Path,76184,2018,11
Ed Koch Queensboro Bridge Shared Path,62177,2018,12
Ed Koch Queensboro Bridge Shared Path,55895,2019,01
Ed Koch Queensboro Bridge Shared Path,54745,2019,02
Ed Koch Queensboro Bridge Shared Path,73862,2019,03
Ed Koch Queensboro Bridge Shared Path,103850,2019,04
Ed Koch Queensboro Bridge Shared Path,119109,2019,05
Ed Koch Queensboro Bridge Shared Path,125698,2019,06
Ed Koch Queensboro Bridge Shared Path,135978,2019,07
Ed Koch Queensboro Bridge Shared Path,143988,2019,08
Ed Koch Queensboro Bridge Shared Path,141185,2019,09
Ed Koch Queensboro Bridge Shared Path,116212,2019,10
Ed Koch Queensboro Bridge Shared Path,84143,2019,11
Ed Koch Queensboro Bridge Shared Path,57963,2019,12
Ed Koch Queensboro Bridge Shared Path,74602,2020,01
Ed Koch Queensboro Bridge Shared Path,68303,2020,02
Ed Koch Queensboro Bridge Shared Path,87893,2020,03
Ed Koch Queensboro Bridge Shared Path,72939,2020,04
Ed Koch Queensboro Bridge Shared Path,150365,2020,05
Ed Koch Queensboro Bridge Shared Path,193958,2020,06
Ed Koch Queensboro Bridge Shared Path,198842,2020,07
Ed Koch Queensboro Bridge Shared Path,201796,2020,08
Ed Koch Queensboro Bridge Shared Path,208119,2020,09
Ed Koch Queensboro Bridge Shared Path,180944,2020,10
Ed Koch Queensboro Bridge Shared Path,144644,2020,11
Ed Koch Queensboro Bridge Shared Path,96742,2020,12
Ed Koch Queensboro Bridge Shared Path,98346,2021,01
Ed Koch Queensboro Bridge Shared Path,59228,2021,02
Ed Koch Queensboro Bridge Shared Path,123064,2021,03
Ed Koch Queensboro Bridge Shared Path,145531,2021,04
Ed Koch Queensboro Bridge Shared Path,169820,2021,05
Ed Koch Queensboro Bridge Shared Path,180903,2021,06
Ed Koch Queensboro Bridge Shared Path,168635,2021,07
Ed Koch Queensboro Bridge Shared Path,174859,2021,08
Ed Koch Queensboro Bridge Shared Path,183896,2021,09
Ed Koch Queensboro Bridge Shared Path,175791,2021,10
Ed Koch Queensboro Bridge Shared Path,135654,2021,11
Ed Koch Queensboro Bridge Shared Path,114475,2021,12
Ed Koch Queensboro Bridge Shared Path,77400,2022,01
Ed Koch Queensboro Bridge Shared Path,86973,2022,02
Ed Koch Queensboro Bridge Shared Path,128117,2022,03
Ed Koch Queensboro Bridge Shared Path,143729,2022,04
Ed Koch Queensboro Bridge Shared Path,169002,2022,05
Ed Koch Queensboro Bridge Shared Path,193238,2022,06
Ed Koch Queensboro Bridge Shared Path,197359,2022,07
Ed Koch Queensboro Bridge Shared Path,206761,2022,08
Ed Koch Queensboro Bridge Shared Path,193735,2022,09
Ed Koch Queensboro Bridge Shared Path,169498,2022,10
Ed Koch Queensboro Bridge Shared Path,144774,2022,11
Ed Koch Queensboro Bridge Shared Path,107967,2022,12
Ed Koch Queensboro Bridge Shared Path,118510,2023,01
Ed Koch Queensboro Bridge Shared Path,104658,2023,02
Ed Koch Queensboro Bridge Shared Path,129963,2023,03
Ed Koch Queensboro Bridge Shared Path,159070,2023,04
Ed Koch Queensboro Bridge Shared Path,197109,2023,05
Ed Koch Queensboro Bridge Shared Path,191473,2023,06
Ed Koch Queensboro Bridge Shared Path,192421,2023,07
Ed Koch Queensboro Bridge Shared Path,212051,2023,08
Ed Koch Queensboro Bridge Shared Path,183750,2023,09
Ed Koch Queensboro Bridge Shared Path,199357,2023,10
Ed Koch Queensboro Bridge Shared Path,160972,2023,11
Ed Koch Queensboro Bridge Shared Path,130955,2023,12
Ed Koch Queensboro Bridge Shared Path,107151,2024,01
Ed Koch Queensboro Bridge Shared Path,120353,2024,02
Ed Koch Queensboro Bridge Shared Path,145632,2024,03
Ed Koch Queensboro Bridge Shared Path,165307,2024,04
Ed Koch Queensboro Bridge Shared Path,204053,2024,05
Ed Koch Queensboro Bridge Shared Path,219440,2024,06
Ed Koch Queensboro Bridge Shared Path,216891,2024,07
Ed Koch Queensboro Bridge Shared Path,212094,2024,08
Ed Koch Queensboro Bridge Shared Path,218610,2024,09
Pulaski Bridge,17136,2017,06
Pulaski Bridge,68196,2017,07
Pulaski Bridge,70295,2017,08
Pulaski Bridge,72362,2017,09
Pulaski Bridge,63019,2017,10
Pulaski Bridge,40745,2017,11
Pulaski Bridge,26947,2017,12
Pulaski Bridge,21238,2018,01
Pulaski Bridge,26793,2018,02
Pulaski Bridge,30516,2018,03
Pulaski Bridge,43077,2018,04
Pulaski Bridge,61427,2018,05
Pulaski Bridge,67301,2018,06
Pulaski Bridge,67857,2018,07
Pulaski Bridge,65700,2018,08
Pulaski Bridge,62658,2018,09
Pulaski Bridge,57306,2018,10
Pulaski Bridge,34984,2018,11
Pulaski Bridge,28551,2018,12
Pulaski Bridge,26474,2019,01
Pulaski Bridge,26292,2019,02
Pulaski Bridge,36459,2019,03
Pulaski Bridge,52381,2019,04
Pulaski Bridge,59345,2019,05
Pulaski Bridge,65808,2019,06
Pulaski Bridge,64228,2019,07
Pulaski Bridge,68236,2019,08
Pulaski Bridge,72441,2019,09
Pulaski Bridge,55058,2019,10
Pulaski Bridge,37153,2019,11
Pulaski Bridge,22717,2019,12
Pulaski Bridge,32522,2020,01
Pulaski Bridge,29126,2020,02
Pulaski Bridge,40127,2020,03
Pulaski Bridge,40055,2020,04
Pulaski Bridge,83941,2020,05
Pulaski Bridge,96905,2020,06
Pulaski Bridge,93400,2020,07
Pulaski Bridge,98348,2020,08
Pulaski Bridge,97510,2020,09
Pulaski Bridge,80827,2020,10
Pulaski Bridge,64383,2020,11
Pulaski Bridge,37257,2020,12
Pulaski Bridge,39585,2021,01
Pulaski Bridge,20127,2021,02
Pulaski Bridge,53230,2021,03
Pulaski Bridge,65955,2021,04
Pulaski Bridge,79744,2021,05
Pulaski Bridge,83257,2021,06
Pulaski Bridge,79935,2021,07
Pulaski Bridge,80817,2021,08
Pulaski Bridge,85905,2021,09
Pulaski Bridge,80405,2021,10
Pulaski Bridge,56956,2021,11
Pulaski Bridge,46195,2021,12
Pulaski Bridge,28442,2022,01
Pulaski Bridge,34054,2022,02
Pulaski Bridge,52219,2022,03
Pulaski Bridge,63453,2022,04
Pulaski Bridge,75583,2022,05
Pulaski Bridge,88014,2022,06
Pulaski Bridge,92952,2022,07
Pulaski Bridge,95952,2022,08
Pulaski Bridge,88020,2022,09
Pulaski Bridge,71129,2022,10
Pulaski Bridge,55987,2022,11
Pulaski Bridge,36972,2022,12
Pulaski Bridge,44541,2023,01
Pulaski Bridge,41131,2023,02
Pulaski Bridge,52238,2023,03
Pulaski Bridge,68088,2023,04
Pulaski Bridge,85875,2023,05
Pulaski Bridge,72790,2023,06
Pulaski Bridge,80030,2023,07
Pulaski Bridge,93044,2023,08
Pulaski Bridge,76299,2023,09
Pulaski Bridge,82171,2023,10
Pulaski Bridge,60621,2023,11
Pulaski Bridge,48199,2023,12
Pulaski Bridge,40785,2024,01
Pulaski Bridge,48096,2024,02
Pulaski Bridge,63441,2024,03
Pulaski Bridge,76262,2024,04
Pulaski Bridge,98629,2024,05
Pulaski Bridge,118409,2024,06
Pulaski Bridge,127805,2024,07
Pulaski Bridge,117459,2024,08
Pulaski Bridge,118565,2024,09
Staten Island Ferry,479,2016,03
Staten Island Ferry,13488,2016,04
Staten Island Ferry,14900,2016,05
Staten Island Ferry,18021,2016,06
Staten Island Ferry,17601,2016,07
Staten Island Ferry,19454,2016,08
Staten Island Ferry,17377,2016,09
Staten Island Ferry,14546,2016,10
Staten Island Ferry,11108,2016,11
Staten Island Ferry,8432,2016,12
Staten Island Ferry,7823,2017,01
Staten Island Ferry,8255,2017,02
Staten Island Ferry,7599,2017,03
Staten Island Ferry,12814,2017,04
Staten Island Ferry,14766,2017,05
Staten Island Ferry,16029,2017,06
Staten Island Ferry,17021,2017,07
Staten Island Ferry,17973,2017,08
Staten Island Ferry,15393,2017,09
Staten Island Ferry,13412,2017,10
Staten Island Ferry,9798,2017,11
Staten Island Ferry,7410,2017,12
Staten Island Ferry,6196,2018,01
Staten Island Ferry,6637,2018,02
Staten Island Ferry,6997,2018,03
Staten Island Ferry,9710,2018,04
Staten Island Ferry,12750,2018,05
Staten Island Ferry,13579,2018,06
Staten Island Ferry,14360,2018,07
Staten Island Ferry,13897,2018,08
Staten Island Ferry,12906,2018,09
Staten Island Ferry,12503,2018,10
Staten Island Ferry,8696,2018,11
Staten Island Ferry,7641,2018,12
Staten Island Ferry,7148,2019,01
Staten Island Ferry,6726,2019,02
Staten Island Ferry,8148,2019,03
Staten Island Ferry,10882,2019,04
Staten Island Ferry,12750,2019,05
Staten Island Ferry,13154,2019,06
Staten Island Ferry,13807,2019,07
Staten Island Ferry,14857,2019,08
Staten Island Ferry,13967,2019,09
Staten Island Ferry,11685,2019,10
Staten Island Ferry,9582,2019,11
Staten Island Ferry,7101,2019,12
Staten Island Ferry,8701,2020,01
Staten Island Ferry,7666,2020,02
Staten Island Ferry,7604,2020,03
Staten Island Ferry,4862,2020,04
Staten Island Ferry,9015,2020,05
Staten Island Ferry,13006,2020,06
Staten Island Ferry,14328,2020,07
Staten Island Ferry,15103,2020,08
Staten Island Ferry,16503,2020,09
Staten Island Ferry,14575,2020,10
Staten Island Ferry,11640,2020,11
Staten Island Ferry,8700,2020,12
Staten Island Ferry,8636,2021,01
Staten Island Ferry,5283,2021,02
Staten Island Ferry,10269,2021,03
Staten Island Ferry,11693,2021,04
Staten Island Ferry,14055,2021,05
Staten Island Ferry,14349,2021,06
Staten Island Ferry,14056,2021,07
Staten Island Ferry,14748,2021,08
Staten Island Ferry,15458,2021,09
Staten Island Ferry,15263,2021,10
Staten Island Ferry,12446,2021,11
Staten Island Ferry,11014,2021,12
Staten Island Ferry,7700,2022,01
Staten Island Ferry,8029,2022,02
Staten Island Ferry,10810,2022,03
Staten Island Ferry,12450,2022,04
Staten Island Ferry,14366,2022,05
Staten Island Ferry,15827,2022,06
Staten Island Ferry,15289,2022,07
Staten Island Ferry,16349,2022,08
Staten Island Ferry,16014,2022,09
Staten Island Ferry,13197,2022,10
Staten Island Ferry,12218,2022,11
Staten Island Ferry,9506,2022,12
Staten Island Ferry,10245,2023,01
Staten Island Ferry,9943,2023,02
Staten Island Ferry,11295,2023,03
Staten Island Ferry,12434,2023,04
Staten Island Ferry,15100,2023,05
Staten Island Ferry,14983,2023,06
Staten Island Ferry,11624,2023,07
Staten Island Ferry,17588,2023,08
Staten Island Ferry,15198,2023,09
Staten Island Ferry,15827,2023,10
Staten Island Ferry,19675,2023,11
Staten Island Ferry,13281,2023,12
Staten Island Ferry,15048,2024,01
Staten Island Ferry,10956,2024,02
Staten Island Ferry,12262,2024,03
Staten Island Ferry,16523,2024,04
Staten Island Ferry,29657,2024,05
Staten Island Ferry,29630,2024,06
Staten Island Ferry,30427,2024,07
Staten Island Ferry,30000,2024,08
Staten Island Ferry,29933,2024,09
Kent Ave btw North 8th St and North 9th St,9316,2016,11
Kent Ave btw North 8th St and North 9th St,35187,2016,12
Kent Ave btw North 8th St and North 9th St,32074,2017,01
Kent Ave btw North 8th St and North 9th St,40791,2017,02
Kent Ave btw North 8th St and North 9th St,34997,2017,03
Kent Ave btw North 8th St and North 9th St,80865,2017,04
Kent Ave btw North 8th St and North 9th St,93529,2017,05
Kent Ave btw North 8th St and North 9th St,112387,2017,06
Kent Ave btw North 8th St and North 9th St,114953,2017,07
Kent Ave btw North 8th St and North 9th St,112608,2017,08
Kent Ave btw North 8th St and North 9th St,113126,2017,09
Kent Ave btw North 8th St and North 9th St,96063,2017,10
Kent Ave btw North 8th St and North 9th St,59355,2017,11
Kent Ave btw North 8th St and North 9th St,37492,2017,12
Kent Ave btw North 8th St and North 9th St,29312,2018,01
Kent Ave btw North 8th St and North 9th St,36362,2018,02
Kent Ave btw North 8th St and North 9th St,40872,2018,03
Kent Ave btw North 8th St and North 9th St,66394,2018,04
Kent Ave btw North 8th St and North 9th St,98155,2018,05
Kent Ave btw North 8th St and North 9th St,109266,2018,06
Kent Ave btw North 8th St and North 9th St,107856,2018,07
Kent Ave btw North 8th St and North 9th St,100420,2018,08
Kent Ave btw North 8th St and North 9th St,93145,2018,09
Kent Ave btw North 8th St and North 9th St,81615,2018,10
Kent Ave btw North 8th St and North 9th St,47323,2018,11
Kent Ave btw North 8th St and North 9th St,36059,2018,12
Kent Ave btw North 8th St and North 9th St,32978,2019,01
Kent Ave btw North 8th St and North 9th St,34514,2019,02
Kent Ave btw North 8th St and North 9th St,49958,2019,03
Kent Ave btw North 8th St and North 9th St,76003,2019,04
Kent Ave btw North 8th St and North 9th St,92769,2019,05
Kent Ave btw North 8th St and North 9th St,103378,2019,06
Kent Ave btw North 8th St and North 9th St,99699,2019,07
Kent Ave btw North 8th St and North 9th St,106664,2019,08
Kent Ave btw North 8th St and North 9th St,105320,2019,09
Kent Ave btw North 8th St and North 9th St,76968,2019,10
Kent Ave btw North 8th St and North 9th St,51947,2019,11
Kent Ave btw North 8th St and North 9th St,35141,2019,12
Kent Ave btw North 8th St and North 9th St,43269,2020,01
Kent Ave btw North 8th St and North 9th St,40344,2020,02
Kent Ave btw North 8th St and North 9th St,57532,2020,03
Kent Ave btw North 8th St and North 9th St,57441,2020,04
Kent Ave btw North 8th St and North 9th St,121901,2020,05
Kent Ave btw North 8th St and North 9th St,146300,2020,06
Kent Ave btw North 8th St and North 9th St,141444,2020,07
Kent Ave btw North 8th St and North 9th St,149984,2020,08
Kent Ave btw North 8th St and North 9th St,142765,2020,09
Kent Ave btw North 8th St and North 9th St,115550,2020,10
Kent Ave btw North 8th St and North 9th St,88915,2020,11
Kent Ave btw North 8th St and North 9th St,47761,2020,12
Kent Ave btw North 8th St and North 9th St,48987,2021,01
Kent Ave btw North 8th St and North 9th St,32717,2021,02
Kent Ave btw North 8th St and North 9th St,73053,2021,03
Kent Ave btw North 8th St and North 9th St,90911,2021,04
Kent Ave btw North 8th St and North 9th St,115424,2021,05
Kent Ave btw North 8th St and North 9th St,122966,2021,06
Kent Ave btw North 8th St and North 9th St,120082,2021,07
Kent Ave btw North 8th St and North 9th St,118145,2021,08
Kent Ave btw North 8th St and North 9th St,125493,2021,09
Kent Ave btw North 8th St and North 9th St,110617,2021,10
Kent Ave btw North 8th St and North 9th St,74653,2021,11
Kent Ave btw North 8th St and North 9th St,59526,2021,12
Kent Ave btw North 8th St and North 9th St,35380,2022,01
Kent Ave btw North 8th St and North 9th St,43341,2022,02
Kent Ave btw North 8th St and North 9th St,69914,2022,03
Kent Ave btw North 8th St and North 9th St,84173,2022,04
Kent Ave btw North 8th St and North 9th St,110983,2022,05
Kent Ave btw North 8th St and North 9th St,127045,2022,06
Kent Ave btw North 8th St and North 9th St,124824,2022,07
Kent Ave btw North 8th St and North 9th St,130972,2022,08
Kent Ave btw North 8th St and North 9th St,121511,2022,09
Kent Ave btw North 8th St and North 9th St,96108,2022,10
Kent Ave btw North 8th St and North 9th St,76546,2022,11
Kent Ave btw North 8th St and North 9th St,46232,2022,12
Kent Ave btw North 8th St and North 9th St,54749,2023,01
Kent Ave btw North 8th St and North 9th St,50728,2023,02
Kent Ave btw North 8th St and North 9th St,63351,2023,03
Kent Ave btw North 8th St and North 9th St,87734,2023,04
Kent Ave btw North 8th St and North 9th St,116870,2023,05
Kent Ave btw North 8th St and North 9th St,100492,2023,06
Kent Ave btw North 8th St and North 9th St,106162,2023,07
Kent Ave btw North 8th St and North 9th St,121964,2023,08
Kent Ave btw North 8th St and North 9th St,97987,2023,09
Kent Ave btw North 8th St and North 9th St,103148,2023,10
Kent Ave btw North 8th St and North 9th St,74317,2023,11
Kent Ave btw North 8th St and North 9th St,54765,2023,12
Kent Ave btw North 8th St and North 9th St,45922,2024,01
Kent Ave btw North 8th St and North 9th St,56833,2024,02
Kent Ave btw North 8th St and North 9th St,76364,2024,03
Kent Ave btw North 8th St and North 9th St,91977,2024,04
Kent Ave btw North 8th St and North 9th St,125388,2024,05
Kent Ave btw North 8th St and North 9th St,148344,2024,06
Kent Ave btw North 8th St and North 9th St,157020,2024,07
Kent Ave btw North 8th St and North 9th St,149365,2024,08
Kent Ave btw North 8th St and North 9th St,145047,2024,09
8th Ave at 50th St,70595,2019,12
8th Ave at 50th St,84837,2020,01
8th Ave at 50th St,81231,2020,02
8th Ave at 50th St,76910,2020,03
8th Ave at 50th St,53998,2020,04
8th Ave at 50th St,91714,2020,05
8th Ave at 50th St,107457,2020,06
8th Ave at 50th St,104408,2020,07
8th Ave at 50th St,114150,2020,08
8th Ave at 50th St,120226,2020,09
8th Ave at 50th St,114200,2020,10
8th Ave at 50th St,97805,2020,11
8th Ave at 50th St,71534,2020,12
8th Ave at 50th St,81282,2021,01
8th Ave at 50th St,43504,2021,02
8th Ave at 50th St,82232,2021,03
8th Ave at 50th St,92938,2021,04
8th Ave at 50th St,99615,2021,05
8th Ave at 50th St,100876,2021,06
8th Ave at 50th St,99194,2021,07
8th Ave at 50th St,103529,2021,08
8th Ave at 50th St,110697,2021,09
8th Ave at 50th St,95093,2021,10
8th Ave at 50th St,0,2021,11
8th Ave at 50th St,1317,2021,12
8th Ave at 50th St,79816,2022,05
8th Ave at 50th St,140793,2022,06
8th Ave at 50th St,132186,2022,07
8th Ave at 50th St,146873,2022,08
8th Ave at 50th St,94532,2022,09
8th Ave at 50th St,51601,2022,10
8th Ave at 50th St,36681,2022,11
8th Ave at 50th St,34469,2022,12
8th Ave at 50th St,33647,2023,01
8th Ave at 50th St,27944,2023,02
8th Ave at 50th St,32018,2023,03
8th Ave at 50th St,30632,2023,04
8th Ave at 50th St,34519,2023,05
8th Ave at 50th St,41976,2023,06
8th Ave at 50th St,136988,2023,07
8th Ave at 50th St,142441,2023,08
8th Ave at 50th St,82842,2023,09
8th Ave at 50th St,84689,2023,10
8th Ave at 50th St,77777,2023,11
8th Ave at 50th St,65036,2023,12
8th Ave at 50th St,60835,2024,01
8th Ave at 50th St,61366,2024,02
8th Ave at 50th St,78011,2024,03
8th Ave at 50th St,81236,2024,04
8th Ave at 50th St,99338,2024,05
8th Ave at 50th St,90541,2024,06
8th Ave at 50th St,95189,2024,07
8th Ave at 50th St,89221,2024,08
8th Ave at 50th St,85040,2024,09
Broadway at 50th St,4601,2019,12
Broadway at 50th St,1034,2020,01
Broadway at 50th St,0,2020,05
Broadway at 50th St,0,2020,06
Amsterdam Ave at 86th St,46140,2019,12
Amsterdam Ave at 86th St,40679,2020,01
Amsterdam Ave at 86th St,38283,2020,02
Amsterdam Ave at 86th St,37359,2020,03
Amsterdam Ave at 86th St,28853,2020,04
Amsterdam Ave at 86th St,45199,2020,05
Amsterdam Ave at 86th St,53438,2020,06
Amsterdam Ave at 86th St,64053,2020,07
Amsterdam Ave at 86th St,59731,2020,08
Amsterdam Ave at 86th St,60735,2020,09
Amsterdam Ave at 86th St,62633,2020,10
Amsterdam Ave at 86th St,65011,2020,11
Amsterdam Ave at 86th St,45440,2020,12
Amsterdam Ave at 86th St,48001,2021,01
Amsterdam Ave at 86th St,35773,2021,02
Amsterdam Ave at 86th St,48977,2021,03
Amsterdam Ave at 86th St,53786,2021,04
Amsterdam Ave at 86th St,59327,2021,05
Amsterdam Ave at 86th St,59582,2021,06
Amsterdam Ave at 86th St,56925,2021,07
Amsterdam Ave at 86th St,57819,2021,08
Amsterdam Ave at 86th St,71049,2021,09
Amsterdam Ave at 86th St,61046,2021,10
Amsterdam Ave at 86th St,68178,2021,11
Amsterdam Ave at 86th St,60553,2021,12
Amsterdam Ave at 86th St,51272,2022,01
Amsterdam Ave at 86th St,48688,2022,02
Amsterdam Ave at 86th St,53088,2022,03
Amsterdam Ave at 86th St,56771,2022,04
Amsterdam Ave at 86th St,59204,2022,05
Amsterdam Ave at 86th St,57173,2022,06
Amsterdam Ave at 86th St,61500,2022,07
Amsterdam Ave at 86th St,65916,2022,08
Amsterdam Ave at 86th St,63693,2022,09
Amsterdam Ave at 86th St,62737,2022,10
Amsterdam Ave at 86th St,58993,2022,11
Amsterdam Ave at 86th St,49884,2022,12
Amsterdam Ave at 86th St,53425,2023,01
Amsterdam Ave at 86th St,49960,2023,02
Amsterdam Ave at 86th St,58730,2023,03
Amsterdam Ave at 86th St,60301,2023,04
Amsterdam Ave at 86th St,71967,2023,05
Amsterdam Ave at 86th St,69452,2023,06
Amsterdam Ave at 86th St,66256,2023,07
Amsterdam Ave at 86th St,68812,2023,08
Amsterdam Ave at 86th St,73528,2023,09
Amsterdam Ave at 86th St,74231,2023,10
Amsterdam Ave at 86th St,74676,2023,11
Amsterdam Ave at 86th St,76961,2023,12
Amsterdam Ave at 86th St,73841,2024,01
Amsterdam Ave at 86th St,70214,2024,02
Amsterdam Ave at 86th St,69238,2024,03
Amsterdam Ave at 86th St,75929,2024,04
Amsterdam Ave at 86th St,92760,2024,05
Amsterdam Ave at 86th St,87062,2024,06
Amsterdam Ave at 86th St,71259,2024,07
Amsterdam Ave at 86th St,66993,2024,08
Amsterdam Ave at 86th St,92662,2024,09
Columbus Ave at 86th St,27380,2019,12
Columbus Ave at 86th St,32733,2020,01
Columbus Ave at 86th St,30930,2020,02
Columbus Ave at 86th St,30503,2020,03
Columbus Ave at 86th St,23030,2020,04
Columbus Ave at 86th St,38531,2020,05
Columbus Ave at 86th St,45095,2020,06
Columbus Ave at 86th St,47457,2020,07
Columbus Ave at 86th St,51130,2020,08
Columbus Ave at 86th St,54782,2020,09
Columbus Ave at 86th St,55595,2020,10
Columbus Ave at 86th St,48741,2020,11
Columbus Ave at 86th St,38364,2020,12
Columbus Ave at 86th St,40131,2021,01
Columbus Ave at 86th St,26644,2021,02
Columbus Ave at 86th St,41592,2021,03
Columbus Ave at 86th St,47180,2021,04
Columbus Ave at 86th St,51958,2021,05
Columbus Ave at 86th St,51825,2021,06
Columbus Ave at 86th St,47331,2021,07
Columbus Ave at 86th St,46913,2021,08
Columbus Ave at 86th St,50690,2021,09
Columbus Ave at 86th St,50681,2021,10
Columbus Ave at 86th St,44419,2021,11
Columbus Ave at 86th St,40386,2021,12
Columbus Ave at 86th St,32969,2022,01
Columbus Ave at 86th St,33756,2022,02
Columbus Ave at 86th St,42555,2022,03
Columbus Ave at 86th St,46761,2022,04
Columbus Ave at 86th St,51991,2022,05
Columbus Ave at 86th St,52617,2022,06
Columbus Ave at 86th St,51254,2022,07
Columbus Ave at 86th St,53246,2022,08
Columbus Ave at 86th St,52309,2022,09
Columbus Ave at 86th St,50293,2022,10
Columbus Ave at 86th St,48303,2022,11
Columbus Ave at 86th St,39040,2022,12
Columbus Ave at 86th St,41439,2023,01
Columbus Ave at 86th St,39046,2023,02
Columbus Ave at 86th St,45009,2023,03
Columbus Ave at 86th St,47664,2023,04
Columbus Ave at 86th St,54260,2023,05
Columbus Ave at 86th St,51714,2023,06
Columbus Ave at 86th St,50891,2023,07
Columbus Ave at 86th St,51679,2023,08
Columbus Ave at 86th St,50280,2023,09
Columbus Ave at 86th St,55139,2023,10
Columbus Ave at 86th St,49188,2023,11
Columbus Ave at 86th St,47979,2023,12
Columbus Ave at 86th St,44472,2024,01
Columbus Ave at 86th St,44149,2024,02
Columbus Ave at 86th St,48909,2024,03
Columbus Ave at 86th St,51512,2024,04
Columbus Ave at 86th St,58495,2024,05
Columbus Ave at 86th St,58063,2024,06
Columbus Ave at 86th St,53660,2024,07
Columbus Ave at 86th St,54823,2024,08
Columbus Ave at 86th St,58354,2024,09
Manhattan Bridge Bike Comprehensive,4725,2012,08
Manhattan Bridge Bike Comprehensive,121957,2012,09
Manhattan Bridge Bike Comprehensive,104515,2012,10
Manhattan Bridge Bike Comprehensive,115059,2012,11
Manhattan Bridge Bike Comprehensive,56831,2012,12
Manhattan Bridge Bike Comprehensive,13582,2013,01
Manhattan Bridge Bike Comprehensive,41501,2013,12
Manhattan Bridge Bike Comprehensive,32873,2014,01
Manhattan Bridge Bike Comprehensive,24676,2014,02
Manhattan Bridge Bike Comprehensive,56659,2014,03
Manhattan Bridge Bike Comprehensive,108965,2014,04
Manhattan Bridge Bike Comprehensive,146262,2014,05
Manhattan Bridge Bike Comprehensive,158570,2014,06
Manhattan Bridge Bike Comprehensive,158102,2014,07
Manhattan Bridge Bike Comprehensive,165104,2014,08
Manhattan Bridge Bike Comprehensive,161397,2014,09
Manhattan Bridge Bike Comprehensive,136254,2014,10
Manhattan Bridge Bike Comprehensive,79791,2014,11
Manhattan Bridge Bike Comprehensive,55044,2014,12
Manhattan Bridge Bike Comprehensive,34361,2015,01
Manhattan Bridge Bike Comprehensive,18995,2015,02
Manhattan Bridge Bike Comprehensive,50339,2015,03
Manhattan Bridge Bike Comprehensive,121484,2015,04
Manhattan Bridge Bike Comprehensive,175810,2015,05
Manhattan Bridge Bike Comprehensive,149593,2015,06
Manhattan Bridge Bike Comprehensive,161674,2015,07
Manhattan Bridge Bike Comprehensive,167811,2015,08
Manhattan Bridge Bike Comprehensive,161808,2015,09
Manhattan Bridge Bike Comprehensive,133530,2015,10
Manhattan Bridge Bike Comprehensive,103075,2015,11
Manhattan Bridge Bike Comprehensive,76119,2015,12
Manhattan Bridge Bike Comprehensive,46017,2016,01
Manhattan Bridge Bike Comprehensive,49091,2016,02
Manhattan Bridge Bike Comprehensive,102377,2016,03
Manhattan Bridge Bike Comprehensive,116938,2016,04
Manhattan Bridge Bike Comprehensive,138758,2016,05
Manhattan Bridge Bike Comprehensive,174338,2016,06
Manhattan Bridge Bike Comprehensive,148355,2016,07
Manhattan Bridge Bike Comprehensive,157249,2016,08
Manhattan Bridge Bike Comprehensive,166634,2016,09
Manhattan Bridge Bike Comprehensive,140427,2016,10
Manhattan Bridge Bike Comprehensive,102012,2016,11
Manhattan Bridge Bike Comprehensive,60959,2016,12
Manhattan Bridge Bike Comprehensive,54874,2017,01
Manhattan Bridge Bike Comprehensive,67748,2017,02
Manhattan Bridge Bike Comprehensive,59432,2017,03
Manhattan Bridge Bike Comprehensive,125235,2017,04
Manhattan Bridge Bike Comprehensive,147692,2017,05
Manhattan Bridge Bike Comprehensive,166715,2017,06
Manhattan Bridge Bike Comprehensive,160719,2017,07
Manhattan Bridge Bike Comprehensive,169671,2017,08
Manhattan Bridge Bike Comprehensive,168731,2017,09
Manhattan Bridge Bike Comprehensive,156738,2017,10
Manhattan Bridge Bike Comprehensive,101328,2017,11
Manhattan Bridge Bike Comprehensive,61146,2017,12
Manhattan Bridge Bike Comprehensive,47660,2018,01
Manhattan Bridge Bike Comprehensive,61260,2018,02
Manhattan Bridge Bike Comprehensive,66667,2018,03
Manhattan Bridge Bike Comprehensive,103188,2018,04
Manhattan Bridge Bike Comprehensive,165118,2018,05
Manhattan Bridge Bike Comprehensive,167178,2018,06
Manhattan Bridge Bike Comprehensive,152384,2018,07
Manhattan Bridge Bike Comprehensive,152226,2018,08
Manhattan Bridge Bike Comprehensive,136711,2018,09
Manhattan Bridge Bike Comprehensive,144651,2018,10
Manhattan Bridge Bike Comprehensive,84194,2018,11
Manhattan Bridge Bike Comprehensive,64883,2018,12
Manhattan Bridge Bike Comprehensive,59462,2019,01
Manhattan Bridge Bike Comprehensive,57236,2019,02
Manhattan Bridge Bike Comprehensive,83491,2019,03
Manhattan Bridge Bike Comprehensive,129396,2019,04
Manhattan Bridge Bike Comprehensive,133921,2019,05
Manhattan Bridge Bike Comprehensive,137100,2019,06
Manhattan Bridge Bike Comprehensive,143607,2019,07
Manhattan Bridge Bike Comprehensive,153621,2019,08
Manhattan Bridge Bike Comprehensive,160866,2019,09
Manhattan Bridge Bike Comprehensive,129664,2019,10
Manhattan Bridge Bike Comprehensive,92170,2019,11
Manhattan Bridge Bike Comprehensive,51472,2019,12
Manhattan Bridge Bike Comprehensive,75863,2020,01
Manhattan Bridge Bike Comprehensive,65992,2020,02
Manhattan Bridge Bike Comprehensive,87910,2020,03
Manhattan Bridge Bike Comprehensive,56737,2020,04
Manhattan Bridge Bike Comprehensive,118842,2020,05
Manhattan Bridge Bike Comprehensive,161317,2020,06
Manhattan Bridge Bike Comprehensive,166917,2020,07
Manhattan Bridge Bike Comprehensive,179371,2020,08
Manhattan Bridge Bike Comprehensive,199221,2020,09
Manhattan Bridge Bike Comprehensive,175803,2020,10
Manhattan Bridge Bike Comprehensive,136032,2020,11
Manhattan Bridge Bike Comprehensive,82544,2020,12
Manhattan Bridge Bike Comprehensive,81689,2021,01
Manhattan Bridge Bike Comprehensive,42539,2021,02
Manhattan Bridge Bike Comprehensive,108486,2021,03
Manhattan Bridge Bike Comprehensive,134557,2021,04
Manhattan Bridge Bike Comprehensive,167476,2021,05
Manhattan Bridge Bike Comprehensive,181998,2021,06
Manhattan Bridge Bike Comprehensive,166415,2021,07
Manhattan Bridge Bike Comprehensive,168633,2021,08
Manhattan Bridge Bike Comprehensive,183003,2021,09
Manhattan Bridge Bike Comprehensive,165068,2021,10
Manhattan Bridge Bike Comprehensive,119039,2021,11
Manhattan Bridge Bike Comprehensive,94152,2021,12
Manhattan Bridge Bike Comprehensive,56184,2022,01
Manhattan Bridge Bike Comprehensive,67959,2022,02
Manhattan Bridge Bike Comprehensive,107571,2022,03
Manhattan Bridge Bike Comprehensive,133735,2022,04
Manhattan Bridge Bike Comprehensive,157650,2022,05
Manhattan Bridge Bike Comprehensive,174993,2022,06
Manhattan Bridge Bike Comprehensive,171824,2022,07
Manhattan Bridge Bike Comprehensive,184333,2022,08
Manhattan Bridge Bike Comprehensive,182313,2022,09
Manhattan Bridge Bike Comprehensive,149474,2022,10
Manhattan Bridge Bike Comprehensive,122173,2022,11
Manhattan Bridge Bike Comprehensive,76804,2022,12
Manhattan Bridge Bike Comprehensive,90519,2023,01
Manhattan Bridge Bike Comprehensive,85709,2023,02
Manhattan Bridge Bike Comprehensive,104645,2023,03
Manhattan Bridge Bike Comprehensive,135447,2023,04
Manhattan Bridge Bike Comprehensive,168912,2023,05
Manhattan Bridge Bike Comprehensive,151259,2023,06
Manhattan Bridge Bike Comprehensive,153454,2023,07
Manhattan Bridge Bike Comprehensive,171517,2023,08
Manhattan Bridge Bike Comprehensive,142932,2023,09
Manhattan Bridge Bike Comprehensive,164486,2023,10
Manhattan Bridge Bike Comprehensive,121935,2023,11
Manhattan Bridge Bike Comprehensive,89827,2023,12
Manhattan Bridge Bike Comprehensive,71120,2024,01
Manhattan Bridge Bike Comprehensive,85228,2024,02
Manhattan Bridge Bike Comprehensive,108847,2024,03
Manhattan Bridge Bike Comprehensive,129299,2024,04
Manhattan Bridge Bike Comprehensive,166834,2024,05
Manhattan Bridge Bike Comprehensive,181451,2024,06
Manhattan Bridge Bike Comprehensive,173140,2024,07
Manhattan Bridge Bike Comprehensive,105347,2024,08
Brooklyn Bridge Bicycle Path (Roadway),73141,2021,09
Brooklyn Bridge Bicycle Path (Roadway),113597,2021,10
Brooklyn Bridge Bicycle Path (Roadway),75343,2021,11
Brooklyn Bridge Bicycle Path (Roadway),46737,2021,12
Brooklyn Bridge Bicycle Path (Roadway),16881,2022,01
Brooklyn Bridge Bicycle Path (Roadway),38181,2022,02
Brooklyn Bridge Bicycle Path (Roadway),61073,2022,03
Brooklyn Bridge Bicycle Path (Roadway),83581,2022,04
Brooklyn Bridge Bicycle Path (Roadway),109151,2022,05
Brooklyn Bridge Bicycle Path (Roadway),122683,2022,06
Brooklyn Bridge Bicycle Path (Roadway),121886,2022,07
Brooklyn Bridge Bicycle Path (Roadway),129608,2022,08
Brooklyn Bridge Bicycle Path (Roadway),108968,2022,09
Brooklyn Bridge Bicycle Path (Roadway),92516,2022,10
Brooklyn Bridge Bicycle Path (Roadway),74868,2022,11
Brooklyn Bridge Bicycle Path (Roadway),42776,2022,12
Brooklyn Bridge Bicycle Path (Roadway),51699,2023,01
Brooklyn Bridge Bicycle Path (Roadway),50865,2023,02
Brooklyn Bridge Bicycle Path (Roadway),67738,2023,03
Brooklyn Bridge Bicycle Path (Roadway),100535,2023,04
Brooklyn Bridge Bicycle Path (Roadway),136538,2023,05
Brooklyn Bridge Bicycle Path (Roadway),121433,2023,06
Brooklyn Bridge Bicycle Path (Roadway),126213,2023,07
Brooklyn Bridge Bicycle Path (Roadway),148286,2023,08
Brooklyn Bridge Bicycle Path (Roadway),103481,2023,09
Brooklyn Bridge Bicycle Path (Roadway),130199,2023,10
Brooklyn Bridge Bicycle Path (Roadway),88930,2023,11
Brooklyn Bridge Bicycle Path (Roadway),63569,2023,12
Brooklyn Bridge Bicycle Path (Roadway),49856,2024,01
Brooklyn Bridge Bicycle Path (Roadway),59196,2024,02
Brooklyn Bridge Bicycle Path (Roadway),82392,2024,03
Brooklyn Bridge Bicycle Path (Roadway),106961,2024,04
Brooklyn Bridge Bicycle Path (Roadway),147577,2024,05
Brooklyn Bridge Bicycle Path (Roadway),158158,2024,06
Brooklyn Bridge Bicycle Path (Roadway),154386,2024,07
Brooklyn Bridge Bicycle Path (Roadway),160659,2024,08
Brooklyn Bridge Bicycle Path (Roadway),164031,2024,09
Comprehensive Brooklyn Bridge Counter,8221,2013,12
Comprehensive Brooklyn Bridge Counter,14585,2014,01
Comprehensive Brooklyn Bridge Counter,10517,2014,02
Comprehensive Brooklyn Bridge Counter,28579,2014,03
Comprehensive Brooklyn Bridge Counter,63420,2014,04
Comprehensive Brooklyn Bridge Counter,90961,2014,05
Comprehensive Brooklyn Bridge Counter,95580,2014,06
Comprehensive Brooklyn Bridge Counter,94263,2014,07
Comprehensive Brooklyn Bridge Counter,98399,2014,08
Comprehensive Brooklyn Bridge Counter,40822,2014,09
Comprehensive Brooklyn Bridge Counter,0,2014,10
Comprehensive Brooklyn Bridge Counter,0,2014,11
Comprehensive Brooklyn Bridge Counter,12739,2014,12
Comprehensive Brooklyn Bridge Counter,14563,2015,01
Comprehensive Brooklyn Bridge Counter,7744,2015,02
Comprehensive Brooklyn Bridge Counter,24137,2015,03
Comprehensive Brooklyn Bridge Counter,63999,2015,04
Comprehensive Brooklyn Bridge Counter,104928,2015,05
Comprehensive Brooklyn Bridge Counter,87085,2015,06
Comprehensive Brooklyn Bridge Counter,100731,2015,07
Comprehensive Brooklyn Bridge Counter,112621,2015,08
Comprehensive Brooklyn Bridge Counter,101522,2015,09
Comprehensive Brooklyn Bridge Counter,77015,2015,10
Comprehensive Brooklyn Bridge Counter,56406,2015,11
Comprehensive Brooklyn Bridge Counter,41284,2015,12
Comprehensive Brooklyn Bridge Counter,23133,2016,01
Comprehensive Brooklyn Bridge Counter,25331,2016,02
Comprehensive Brooklyn Bridge Counter,57867,2016,03
Comprehensive Brooklyn Bridge Counter,68096,2016,04
Comprehensive Brooklyn Bridge Counter,84513,2016,05
Comprehensive Brooklyn Bridge Counter,108407,2016,06
Comprehensive Brooklyn Bridge Counter,115010,2016,07
Comprehensive Brooklyn Bridge Counter,106061,2016,08
Comprehensive Brooklyn Bridge Counter,90605,2016,09
Comprehensive Brooklyn Bridge Counter,76111,2016,10
Comprehensive Brooklyn Bridge Counter,52504,2016,11
Comprehensive Brooklyn Bridge Counter,28363,2016,12
Comprehensive Brooklyn Bridge Counter,23689,2017,01
Comprehensive Brooklyn Bridge Counter,31324,2017,02
Comprehensive Brooklyn Bridge Counter,27589,2017,03
Comprehensive Brooklyn Bridge Counter,67506,2017,04
Comprehensive Brooklyn Bridge Counter,75995,2017,05
Comprehensive Brooklyn Bridge Counter,82716,2017,06
Comprehensive Brooklyn Bridge Counter,85443,2017,07
Comprehensive Brooklyn Bridge Counter,94882,2017,08
Comprehensive Brooklyn Bridge Counter,86874,2017,09
Comprehensive Brooklyn Bridge Counter,80153,2017,10
Comprehensive Brooklyn Bridge Counter,46525,2017,11
Comprehensive Brooklyn Bridge Counter,27546,2017,12
Comprehensive Brooklyn Bridge Counter,20519,2018,01
Comprehensive Brooklyn Bridge Counter,28768,2018,02
Comprehensive Brooklyn Bridge Counter,31315,2018,03
Comprehensive Brooklyn Bridge Counter,51776,2018,04
Comprehensive Brooklyn Bridge Counter,88855,2018,05
Comprehensive Brooklyn Bridge Counter,84022,2018,06
Comprehensive Brooklyn Bridge Counter,85611,2018,07
Comprehensive Brooklyn Bridge Counter,89836,2018,08
Comprehensive Brooklyn Bridge Counter,74181,2018,09
Comprehensive Brooklyn Bridge Counter,68903,2018,10
Comprehensive Brooklyn Bridge Counter,33808,2018,11
Comprehensive Brooklyn Bridge Counter,23378,2018,12
Comprehensive Brooklyn Bridge Counter,20860,2019,01
Comprehensive Brooklyn Bridge Counter,20561,2019,02
Comprehensive Brooklyn Bridge Counter,30487,2019,03
Comprehensive Brooklyn Bridge Counter,57160,2019,04
Comprehensive Brooklyn Bridge Counter,62291,2019,05
Comprehensive Brooklyn Bridge Counter,63180,2019,06
Comprehensive Brooklyn Bridge Counter,66632,2019,07
Comprehensive Brooklyn Bridge Counter,76520,2019,08
Comprehensive Brooklyn Bridge Counter,71835,2019,09
Comprehensive Brooklyn Bridge Counter,54994,2019,10
Comprehensive Brooklyn Bridge Counter,32892,2019,11
Comprehensive Brooklyn Bridge Counter,16140,2019,12
Comprehensive Brooklyn Bridge Counter,23901,2020,01
Comprehensive Brooklyn Bridge Counter,21331,2020,02
Comprehensive Brooklyn Bridge Counter,31730,2020,03
Comprehensive Brooklyn Bridge Counter,26809,2020,04
Comprehensive Brooklyn Bridge Counter,57215,2020,05
Comprehensive Brooklyn Bridge Counter,66548,2020,06
Comprehensive Brooklyn Bridge Counter,60221,2020,07
Comprehensive Brooklyn Bridge Counter,65570,2020,08
Comprehensive Brooklyn Bridge Counter,70749,2020,09
Comprehensive Brooklyn Bridge Counter,58944,2020,10
Comprehensive Brooklyn Bridge Counter,44208,2020,11
Comprehensive Brooklyn Bridge Counter,23450,2020,12
Comprehensive Brooklyn Bridge Counter,23654,2021,01
Comprehensive Brooklyn Bridge Counter,10897,2021,02
Comprehensive Brooklyn Bridge Counter,34698,2021,03
Comprehensive Brooklyn Bridge Counter,46198,2021,04
Comprehensive Brooklyn Bridge Counter,62302,2021,05
Comprehensive Brooklyn Bridge Counter,67370,2021,06
Comprehensive Brooklyn Bridge Counter,59012,2021,07
Comprehensive Brooklyn Bridge Counter,59274,2021,08
Comprehensive Brooklyn Bridge Counter,98264,2021,09
Comprehensive Brooklyn Bridge Counter,113609,2021,10
Comprehensive Brooklyn Bridge Counter,75343,2021,11
Comprehensive Brooklyn Bridge Counter,46737,2021,12
Comprehensive Brooklyn Bridge Counter,16881,2022,01
Comprehensive Brooklyn Bridge Counter,38181,2022,02
Comprehensive Brooklyn Bridge Counter,61073,2022,03
Comprehensive Brooklyn Bridge Counter,83581,2022,04
Comprehensive Brooklyn Bridge Counter,109151,2022,05
Comprehensive Brooklyn Bridge Counter,122683,2022,06
Comprehensive Brooklyn Bridge Counter,121886,2022,07
Comprehensive Brooklyn Bridge Counter,129608,2022,08
Comprehensive Brooklyn Bridge Counter,108968,2022,09
Comprehensive Brooklyn Bridge Counter,92516,2022,10
Comprehensive Brooklyn Bridge Counter,74868,2022,11
Comprehensive Brooklyn Bridge Counter,42776,2022,12
Comprehensive Brooklyn Bridge Counter,51699,2023,01
Comprehensive Brooklyn Bridge Counter,50865,2023,02
Comprehensive Brooklyn Bridge Counter,67738,2023,03
Comprehensive Brooklyn Bridge Counter,100535,2023,04
Comprehensive Brooklyn Bridge Counter,136538,2023,05
Comprehensive Brooklyn Bridge Counter,121433,2023,06
Comprehensive Brooklyn Bridge Counter,126213,2023,07
Comprehensive Brooklyn Bridge Counter,148286,2023,08
Comprehensive Brooklyn Bridge Counter,103481,2023,09
Comprehensive Brooklyn Bridge Counter,130199,2023,10
Comprehensive Brooklyn Bridge Counter,88930,2023,11
Comprehensive Brooklyn Bridge Counter,63569,2023,12
Comprehensive Brooklyn Bridge Counter,49856,2024,01
Comprehensive Brooklyn Bridge Counter,59196,2024,02
Comprehensive Brooklyn Bridge Counter,82392,2024,03
Comprehensive Brooklyn Bridge Counter,106961,2024,04
Comprehensive Brooklyn Bridge Counter,147577,2024,05
Comprehensive Brooklyn Bridge Counter,158158,2024,06
Comprehensive Brooklyn Bridge Counter,154386,2024,07
Comprehensive Brooklyn Bridge Counter,160659,2024,08
Comprehensive Brooklyn Bridge Counter,164031,2024,09
Fountain Ave,341,2022,08
Fountain Ave,724,2022,09
Fountain Ave,464,2022,10
Fountain Ave,192,2022,11
Fountain Ave,112,2022,12
Fountain Ave,199,2023,01
Fountain Ave,186,2023,02
Fountain Ave,247,2023,03
Fountain Ave,529,2023,04
Fountain Ave,966,2023,05
Fountain Ave,913,2023,06
Fountain Ave,921,2023,07
Fountain Ave,931,2023,08
Fountain Ave,601,2023,09
Fountain Ave,419,2023,10
Fountain Ave,279,2023,11
Fountain Ave,184,2023,12
Fountain Ave,130,2024,01
Fountain Ave,145,2024,02
Fountain Ave,373,2024,03
Fountain Ave,564,2024,04
Fountain Ave,887,2024,05
Fountain Ave,1274,2024,06
Fountain Ave,1171,2024,07
Fountain Ave,1125,2024,08
Fountain Ave,902,2024,09
Willis Ave Bikes,39610,2022,12
Willis Ave Bikes,48021,2023,01
Willis Ave Bikes,45602,2023,02
Willis Ave Bikes,55906,2023,03
Willis Ave Bikes,62344,2023,04
Willis Ave Bikes,71882,2023,05
Willis Ave Bikes,69209,2023,06
Willis Ave Bikes,71328,2023,07
Willis Ave Bikes,78094,2023,08
Willis Ave Bikes,71099,2023,09
Willis Ave Bikes,76078,2023,10
Willis Ave Bikes,61637,2023,11
Willis Ave Bikes,55483,2023,12
Willis Ave Bikes,54268,2024,01
Willis Ave Bikes,53259,2024,02
Willis Ave Bikes,60601,2024,03
Willis Ave Bikes,65026,2024,04
Willis Ave Bikes,77432,2024,05
Willis Ave Bikes,80520,2024,06
Willis Ave Bikes,86220,2024,07
Willis Ave Bikes,85665,2024,08
Willis Ave Bikes,88503,2024,09
Pelham Pkwy,3451,2023,11
Pelham Pkwy,2890,2023,12
Pelham Pkwy,2234,2024,01
Pelham Pkwy,2638,2024,02
Pelham Pkwy,3823,2024,03
Pelham Pkwy,5203,2024,04
Pelham Pkwy,7199,2024,05
Pelham Pkwy,8786,2024,06
Pelham Pkwy,8428,2024,07
Pelham Pkwy,7152,2024,08
Pelham Pkwy,6245,2024,09
Ocean Pkwy at Avenue J,22582,2023,09
Ocean Pkwy at Avenue J,26277,2023,10
Ocean Pkwy at Avenue J,21774,2023,11
Ocean Pkwy at Avenue J,17442,2023,12
Ocean Pkwy at Avenue J,13814,2024,01
Ocean Pkwy at Avenue J,15156,2024,02
Ocean Pkwy at Avenue J,19147,2024,03
Ocean Pkwy at Avenue J,21064,2024,04
Ocean Pkwy at Avenue J,29598,2024,05
Ocean Pkwy at Avenue J,34339,2024,06
Ocean Pkwy at Avenue J,31579,2024,07
Ocean Pkwy at Avenue J,28623,2024,08
Ocean Pkwy at Avenue J,31093,2024,09
